<?xml version="1.0"?>
<!DOCTYPE softwarelist SYSTEM "softwarelist.dtd">
<!--
license:CC0-1.0

    Atari 400 / 800 floppies
    (skeleton list)

    note: many 'original' floppy images are in .atx format, whereas cracked / unprotected ones are .atr format
          .atx is unsupported, although apparently has been reverse engineered (insert info link here)
    There are also images in .xex format, which are raw executable files and
    needs to be loaded thru a DOS loader or an SD card cartridge, for all purposes they won't fit here.

-->

<softwarelist name="a800_flop" description="Atari 400 / 800 floppy disks">

	<software name="strraid2">
		<description>Star Raiders II [Aric Wilmunder]</description>
		<year>1984</year>
		<publisher>Atari</publisher>
		<part name="flop1" interface="floppy_5_25">
			<dataarea name="flop" size="92176">
				<rom name="Wilmunder_Star_Raiders_II_8-2.atr" size="92176" crc="fd4e3401" sha1="90a53c361bb3a89f6c5db93b0441d04feccc6d90"/>
			</dataarea>
		</part>
	</software>

	<software name="sam" supported="no">
		<description>S.A.M.</description>
		<year>1982</year>
		<publisher>Don't Ask</publisher>
		<notes><![CDATA[
Doesn't boot
]]></notes>
		<part name="flop1" interface="floppy_5_25">
			<dataarea name="flop" size="92176">
				<rom name="sam.atr" size="92176" crc="a5895d13" sha1="da2118f26dd46b0435ba6a486f17069734bad812"/>
			</dataarea>
		</part>
	</software>

	<software name="ulysses">
		<description>Ulysses and the Golden Fleece</description>
		<year>1986</year>
		<publisher>Sierra On-Line</publisher>
		<!-- was marked unsupported (for side B screen automatically moving without waiting user input?), assume fixed. -->
		<part name="flop1" interface="floppy_5_25">
			<dataarea name="flop" size="92176">
				<rom name="Ulysses And The Golden Fleece [Rel. 1] [Side A].atr" size="92176" crc="e16b8dc8" sha1="4e55312b5259c96138f48703fcaa58a6edd0d922"/>
			</dataarea>
		</part>
		<part name="flop2" interface="floppy_5_25">
			<dataarea name="flop" size="92176">
				<rom name="Ulysses And The Golden Fleece [Side B].atr" size="92176" crc="40915a46" sha1="a0c539aba57f93a44e23fd20bf444b0ae59c582c"/>
			</dataarea>
		</part>
		<part name="flop3" interface="floppy_5_25">
			<dataarea name="flop" size="92176">
				<rom name="Ulysses And The Golden Fleece [Side C].atr" size="92176" crc="525a47fb" sha1="6afd6d46af274d96a3cce97dfb4ec7776fe47a6b"/>
			</dataarea>
		</part>
	</software>

	<software name="tagalon">
		<description>Tagalon</description>
		<year>1986</year>
		<publisher>Tynesoft</publisher>
		<part name="flop1" interface="floppy_5_25">
			<dataarea name="flop" size="92176">
				<rom name="Tagalon.ATR" size="92176" crc="f1d7bc3b" sha1="ced50da056a9fc208b613dbf1a51c0053ec251d1"/>
			</dataarea>
		</part>
	</software>

	<software name="ninja">
		<description>Ninja</description>
		<year>1986</year>
		<publisher>Mastertronic</publisher>
		<part name="flop1" interface="floppy_5_25">
			<dataarea name="flop" size="92176">
				<rom name="Ninja (v1).atr" size="92176" crc="54c732ed" sha1="8cd6d106904d62bb417acc0c58928dc40e10c462"/>
			</dataarea>
		</part>
	</software>

	<software name="countdwn" supported="no">
		<description>Countdown</description>
		<year>1984</year>
		<publisher>Synapse</publisher>
		<notes><![CDATA[
a800: cannot set charges, player ammo doesn't draw properly
a800xl: crashes often on boot (reset multiple times will make it to eventually work)
]]></notes>
		<part name="flop1" interface="floppy_5_25">
			<dataarea name="flop" size="92176">
				<rom name="Countdown.atr" size="92176" crc="0471796a" sha1="d02b8ad67b2f1f27b340e6fa94aa0c9bc03d2ad7"/>
			</dataarea>
		</part>
	</software>

	<software name="silents" supported="partial">
		<description>Silent Service</description>
		<year>1985</year>
		<publisher>Microprose</publisher>
		<notes><![CDATA[
a800xl: crashes on boot
]]></notes>
		<part name="flop1" interface="floppy_5_25">
			<dataarea name="flop" size="92176">
				<rom name="Silent Service.atr" size="92176" crc="bda9ac46" sha1="312c76e40f0941749e3909afd4a7d7a83f398210"/>
			</dataarea>
		</part>
	</software>

	<software name="templtri" supported="partial">
		<description>Temple Of Apshai Trilogy</description>
		<year>1985</year>
		<publisher>Epyx</publisher>
		<notes><![CDATA[
Unsupported character save to [disk]
]]></notes>
		<part name="flop1" interface="floppy_5_25">
			<dataarea name="flop" size="92176">
				<rom name="Temple of Apshai Trilogy (The).atr" size="92176" crc="a5cdca88" sha1="e9955303ba855beeafb0e5bf9b5b683d0fbb8701"/>
			</dataarea>
		</part>
	</software>

	<software name="necroman">
		<description>Necromancer</description>
		<year>1982</year>
		<publisher>Synapse</publisher>
		<part name="flop1" interface="floppy_5_25">
			<dataarea name="flop" size="92176">
				<rom name="Necromancer (v3).atr" size="92176" crc="e88a29c6" sha1="2445a652bb2980b7def4b189718332997f9fa584"/>
			</dataarea>
		</part>
	</software>

	<software name="shamus2" supported="partial">
		<description>Shamus: Case II</description>
		<year>1983</year>
		<publisher>Synapse</publisher>
		<notes><![CDATA[
Runs too fast, [ANTIC] timings
]]></notes>
		<part name="flop1" interface="floppy_5_25">
			<dataarea name="flop" size="92176">
				<rom name="Shamus - Case II.atr" size="92176" crc="2b6696c6" sha1="f3079c19f54ae5dc6fc9de6ca80341e9a2527c05"/>
			</dataarea>
		</part>
	</software>

	<software name="wkarate" supported="partial">
		<!-- "Cracked by Kilroy (P) N.A.P.O." briefly appears on boot -->
		<description>World Karate Championship (cracked)</description>
		<year>1986</year>
		<publisher>Epyx</publisher>
		<notes><![CDATA[
a800xl: randomly doesn't boot (soft reset multiple times will eventually make it to start)
]]></notes>
		<part name="flop1" interface="floppy_5_25">
			<dataarea name="flop" size="133136">
				<rom name="World Karate Championship (v4).atr" size="133136" crc="a89bf1e6" sha1="97fbaf575d9f9ddbecd1528c7d5090d2fdac6f3e"/>
			</dataarea>
		</part>
	</software>

	<software name="loderunr">
		<description>Lode Runner</description>
		<year>1983</year>
		<publisher>Broderbund</publisher>
		<part name="flop1" interface="floppy_5_25">
			<dataarea name="flop" size="92176">
				<rom name="Lode Runner (1983)(Broderbund).atr" size="92176" crc="3a6f19ae" sha1="1add070c088b73488fb83e815294cd1d0e38e039"/>
			</dataarea>
		</part>
	</software>

	<software name="cloderun" supported="no">
		<description>Championship Lode Runner</description>
		<year>1985</year>
		<publisher>Broderbund</publisher>
		<notes><![CDATA[
Garbled GFXs
]]></notes>
		<part name="flop1" interface="floppy_5_25">
			<dataarea name="flop" size="92176">
				<rom name="Championship Lode Runner.atr" size="92176" crc="53e02689" sha1="dc92e8616fa2e00432b388df97d508c1a0b6db3c"/>
			</dataarea>
		</part>
	</software>

	<software name="marsmis2" supported="partial">
		<description>Mars Mission II</description>
		<year>1981</year>
		<publisher>Antic</publisher>
		<notes><![CDATA[
Clearing a stage will have some dots in the text GFX
a800xl: doesn't boot (btanb?)
]]></notes>
		<part name="flop1" interface="floppy_5_25">
			<dataarea name="flop" size="92176">
				<rom name="Mars Mission II.atr" size="92176" crc="59694595" sha1="4b2ad8bdcbbd4c8f5aef154e55bf4950b15798f3"/>
			</dataarea>
		</part>
	</software>

	<software name="ckhafka">
		<description>Caverns of Khafka</description>
		<year>1983</year>
		<publisher>Cosmi</publisher>
		<part name="flop1" interface="floppy_5_25">
			<dataarea name="flop" size="92176">
				<rom name="Caverns of Khafka.atr" size="92176" crc="587862ff" sha1="53ec7aa10e7f7231b4cc7d194b21fda735135263"/>
			</dataarea>
		</part>
	</software>

	<software name="brucelee">
		<!-- "CRACKED BY GEORGE!" -->
		<description>Bruce Lee (cracked)</description>
		<year>1984</year>
		<publisher>Datasoft</publisher>
		<part name="flop1" interface="floppy_5_25">
			<dataarea name="flop" size="92176">
				<rom name="Bruce Lee (v1).atr" size="92176" crc="5870eb7f" sha1="789b4c0ce4ade89559179999751a29f250325787"/>
			</dataarea>
		</part>
	</software>

	<software name="bdash2">
		<description>Boulder Dash II</description>
		<year>1985</year>
		<publisher>First Star</publisher>
		<part name="flop1" interface="floppy_5_25">
			<dataarea name="flop" size="92176">
				<rom name="Boulder Dash II (v4).atr" size="92176" crc="1145500d" sha1="6cbbe6c497f6462b1e3aabaa72a91ce5daa35fb6"/>
			</dataarea>
		</part>
	</software>

	<software name="bmax2001">
		<description>Blue Max 2001</description>
		<year>1984</year>
		<publisher>Synapse</publisher>
		<part name="flop1" interface="floppy_5_25">
			<dataarea name="flop" size="65552">
				<rom name="Blue Max 2001.atr" size="65552" crc="e8fb6d8f" sha1="2b3fe701ea1a7d4660d5d6d403228fbabf4cc711"/>
			</dataarea>
		</part>
	</software>

	<software name="azteccha">
		<description>Aztec Challenge</description>
		<year>1983</year>
		<publisher>Cosmi</publisher>
		<part name="flop1" interface="floppy_5_25">
			<dataarea name="flop" size="13584">
				<rom name="Aztec Challenge.atr" size="13584" crc="ea4be8e7" sha1="bd9362aa4023a54a35ef2c3f3c7100523100820b"/>
			</dataarea>
		</part>
	</software>

	<software name="spyvspy" supported="no">
		<description>Spy Vs Spy</description>
		<year>1984</year>
		<publisher>First Star</publisher>
		<notes><![CDATA[
Often crashes at the end of an attract game sequence, which in turn desyncs
]]></notes>
		<part name="flop1" interface="floppy_5_25">
			<dataarea name="flop" size="92176">
				<rom name="Spy Vs Spy (1984)(First Star).atr" size="92176" crc="91940f40" sha1="d57d8ecbb0b14987c8fc64b27fe1511779c62f4d"/>
			</dataarea>
		</part>
	</software>

	<software name="spyvspya">
		<description>Spy Vs Spy - Arctic Antics</description>
		<year>1987</year>
		<publisher>First Star</publisher>
		<part name="flop1" interface="floppy_5_25">
			<dataarea name="flop" size="92176">
				<rom name="Spy Vs Spy - Arctic Antics (1987)(First Star).atr" size="92176" crc="0bd44669" sha1="e6fe39584e5facc62116c7c4f5952e4d5046323a"/>
			</dataarea>
		</part>
	</software>

	<software name="spyvspyi">
		<!-- "CRACKED BY CAPTAIN WIZARD (P) 1986 N.A.P.O" during attract -->
		<description>Spy Vs Spy - The Island Caper (cracked)</description>
		<year>1985</year>
		<publisher>First Star Software</publisher>
		<part name="flop1" interface="floppy_5_25">
			<dataarea name="flop" size="92176">
				<rom name="Spy Vs Spy - The Island Caper (1985)(First Star).atr" size="92176" crc="7ac8a99a" sha1="ce4241641a3d0981beaa766f01bf0093552c70de"/>
			</dataarea>
		</part>
	</software>

	<software name="montzuma">
		<description>Montezuma's Revenge</description>
		<year>1984</year>
		<publisher>Parker Brothers</publisher>
		<part name="flop1" interface="floppy_5_25">
			<dataarea name="flop" size="92176">
				<rom name="Montezuma's Revenge _ Parker Brothers.atr" size="92176" crc="3ec0b7e2" sha1="3535dfc1cf25f59c8bdc050689bb89877fef9da0"/>
			</dataarea>
		</part>
	</software>

	<!-- Looks more polished than retail version, with title screen etc. -->
	<!-- except it's missing content (cfr. file sizes) and unwinnable. -->
	<software name="montzump" cloneof="montzuma">
		<description>Montezuma's Revenge! (prototype)</description>
		<year>1983</year>
		<publisher>Utopia Software</publisher>
		<part name="flop1" interface="floppy_5_25">
			<dataarea name="flop" size="34960">
				<rom name="Montezuma's Revenge.atr" size="34960" crc="fd7387dd" sha1="563832104dd0658d09411b24cc0c251be5041d33"/>
			</dataarea>
		</part>
	</software>

	<software name="mrrobot" supported="partial">
		<description>Mr. Robot and his Robot Factory</description>
		<year>1983</year>
		<publisher>Datamost</publisher>
		<notes><![CDATA[
Random black screen after title screen, particularly on soft resets
]]></notes>
		<part name="flop1" interface="floppy_5_25">
			<dataarea name="flop" size="92176">
				<rom name="mr robot and his robot factory.atr" size="92176" crc="36f3bdb0" sha1="8bb1f04783e883bb20aec5b83e3493632d9dd0bd"/>
			</dataarea>
		</part>
	</software>

	<software name="castwolf" supported="no">
		<description>Castle Wolfenstein</description>
		<year>1983</year>
		<publisher>Muse Software</publisher>
		<notes><![CDATA[
Castle GFX doesn't draw on title screen, uses [ANTIC] GFX mode F
Should prompt for a "press space key" when player dies or get captured but never happens, hangs
]]></notes>
		<part name="flop1" interface="floppy_5_25">
			<dataarea name="flop" size="92176">
				<rom name="castle wolfenstein.atr" size="92176" crc="7745cd05" sha1="03ba4218d20f260f3e17c7ce540c952cd071bdf5"/>
			</dataarea>
		</part>
	</software>

	<software name="bcastwlf" supported="no">
		<description>Beyond Castle Wolfenstein</description>
		<year>1984</year>
		<publisher>Muse Software</publisher>
		<notes><![CDATA[
Punts to prompt when "SAVING THE GAME" (CTRL+C), unsupported [disk] save
Bunker is always fixed, no RNG?
]]></notes>
		<info name="usage" value="Requires a minimum of 48KB RAM" />
		<part name="flop1" interface="floppy_5_25">
			<dataarea name="flop" size="92176">
				<rom name="beyond castle wolfenstein.atr" size="92176" crc="78ef8db7" sha1="a0916bd0dde1b748834411c96cb2ae058b38f3c2"/>
			</dataarea>
		</part>
	</software>

	<software name="quasmodo">
		<description>Quasimodo</description>
		<year>1984</year>
		<publisher>Synapse</publisher>
		<part name="flop1" interface="floppy_5_25">
			<dataarea name="flop" size="27024">
				<rom name="quasmodo.atr" size="27024" crc="0a2e0469" sha1="ae973c2b8f7863ce7b519a2a4dd689ad1a4b20a3"/>
			</dataarea>
		</part>
	</software>

	<software name="zorro">
		<description>Zorro</description>
		<year>1985</year>
		<publisher>Datasoft</publisher>
		<part name="flop1" interface="floppy_5_25">
			<dataarea name="flop" size="92176">
				<rom name="zorro.atr" size="92176" crc="df552763" sha1="c219f6eb373df61e620b40d19aef66f8f03e7356"/>
			</dataarea>
		</part>
	</software>

	<software name="alleycat" supported="partial">
		<description>Alley Cat</description>
		<year>1983</year>
		<publisher>Synapse</publisher>
		<notes><![CDATA[
Runs too fast
]]></notes>
		<part name="flop1" interface="floppy_5_25">
			<dataarea name="flop" size="65552">
				<rom name="alleycat.atr" size="65552" crc="12e2eb0d" sha1="a99e131f024e5df10316860b6d174a16aadc8651"/>
			</dataarea>
		</part>
	</software>

	<software name="jumpman">
		<description>Jumpman</description>
		<year>1983</year>
		<publisher>Epyx</publisher>
		<info name="usage" value="Hold OPTION key during boot to disable BASIC, requires 32K RAM as minimum" />
		<part name="flop1" interface="floppy_5_25">
			<dataarea name="flop" size="92176">
				<rom name="jumpman.atr" size="92176" crc="290a9e56" sha1="96c411a65cfd0b45ac68603021793701d27244b9"/>
			</dataarea>
		</part>
	</software>

	<software name="elktrgld" supported="partial">
		<!-- Flippy disk, c64 version on side A -->
		<!-- Supposedly a PAL release, tested to have too much overscan on real HW -->
		<description>Elektra Glide</description>
		<year>1986</year>
		<publisher>Mastertronic</publisher>
		<notes><![CDATA[
[ANTIC] playfield is offset one line on mountain strip
]]></notes>
		<info name="serial" value="64712" />

		<info name="usage" value="Hold OPTION key during boot to disable BASIC" />
		<part name="flop1" interface="floppy_5_25">
			<dataarea name="flop" size="92160">
				<rom name="elektraglide.xfd" size="92160" crc="96185b1c" sha1="fb9825a432b83a2a7e623a2f617d0fa11de08158"/>
			</dataarea>
		</part>
	</software>

	<software name="koalapnt" supported="no">
		<!-- Flippy disk, c64 version on side A -->
		<description>KoalaPainter (light pen)</description>
		<year>1984</year>
		<publisher>Koala Technologies</publisher>
		<info name="serial" value="00626-001" />
		<info name="usage" value="Requires light pen"/>

		<part name="flop1" interface="floppy_5_25">
			<dataarea name="flop" size="92160">
				<rom name="koalapainter.xfd" size="92160" crc="f1447be4" sha1="834d906748f9f4f089912289ab592cf091456d49"/>
			</dataarea>
		</part>
	</software>

	<software name="b1bomber">
		<description>B1-Nuclear Bomber</description>
		<year>1981</year>
		<publisher>Avalon Hill</publisher>
		<sharedfeat name="requirement" value="a800:basicb"/>
		<part name="flop1" interface="floppy_5_25">
			<dataarea name="flop" size="92176">
				<rom name="b-1 nuclear bomber (1981)(avalon hill)(us)[basic].atr" size="92176" crc="1d4a3876" sha1="aba9f4e932cf0d15d9752b385e016c795c8411ba"/>  <!-- Verified -->
			</dataarea>
		</part>
	</software>

	<software name="ballyhoo">
		<description>Ballyhoo</description>
		<year>1986</year>
		<publisher>Infocom</publisher>
		<part name="flop1" interface="floppy_5_25">
			<dataarea name="flop" size="92176">
				<rom name="ballyhoo rel 97 (1986)(infocom)(us)(side a).atr" size="92176" crc="c00ee466" sha1="529fc60d79c3a4b4d9b4d394ef869a9b441c36ae"/>  <!-- Verified -->
			</dataarea>
		</part>
		<part name="flop2" interface="floppy_5_25">
			<dataarea name="flop" size="92176">
				<rom name="ballyhoo rel 97 (1986)(infocom)(us)(side b).atr" size="92176" crc="0b532b18" sha1="ce13da4e8a2f557983142384adfebffd7a5641f3"/>  <!-- Verified -->
			</dataarea>
		</part>
	</software>

	<software name="croschck" supported="no">
		<description>Crosscheck</description>
		<year>1986</year>
		<publisher>Datasoft</publisher>
		<notes><![CDATA[
Throws [disk] read errors on soft reset, hangs if you press start
Randomly freezes up on player's turn screen (cannot reproduce, assume fixed)
]]></notes>
		<part name="flop1" interface="floppy_5_25">
			<dataarea name="flop" size="92176">
				<rom name="crosscheck (1986)(datasoft)(us).atr" size="92176" crc="b4cef936" sha1="1bb9efe6ce4829388f933ae85dd0836749ca9e55"/>  <!-- Verified -->
			</dataarea>
		</part>
	</software>

	<software name="ccchomp">
		<description>Crush, Crumble and Chomp!</description>
		<year>1981</year>
		<publisher>Epyx</publisher>
		<sharedfeat name="compatibility" value="OSb"/>
		<sharedfeat name="requirement" value="a800:basicb"/>
		<part name="flop1" interface="floppy_5_25">
			<dataarea name="flop" size="92176">
				<rom name="crush, crumble and chomp (1981)(epyx)(us)[basic][os-b].atr" size="92176" crc="419fce77" sha1="513ff8617ebf45e95d19a1ec9e067d1a3121ecf6"/> <!-- Verified -->
			</dataarea>
		</part>
	</software>

	<software name="cutthroa">
		<description>Cutthroats</description>
		<year>1984</year>
		<publisher>Infocom</publisher>
		<part name="flop1" interface="floppy_5_25">
			<dataarea name="flop" size="92176">
				<rom name="cutthroats rel 23 (1984-08-09)(infocom)(us)(side a).atr" size="92176" crc="15e554b5" sha1="e02c321efa35fcde2ce43e9ea755d73c30beebe2"/>  <!-- Verified -->
			</dataarea>
		</part>
		<part name="flop2" interface="floppy_5_25">
			<dataarea name="flop" size="92176">
				<rom name="cutthroats rel 23 (1984-08-09)(infocom)(us)(side b).atr" size="92176" crc="ec7cd1cf" sha1="3c63670d88e7238cce902cb689e6764152941bff"/>  <!-- Verified -->
			</dataarea>
		</part>
	</software>

	<software name="cvrnmars">
		<description>Caverns of Mars</description>
		<year>1982</year>
		<publisher>Atari</publisher>
		<part name="flop1" interface="floppy_5_25">
			<dataarea name="flop" size="92176">
				<rom name="caverns of mars (1982)(atari)(us).atr" size="92176" crc="b5b08100" sha1="e4cfd18a24734ae2b038810f10765fd440522adc"/> <!-- Verified -->
			</dataarea>
		</part>
	</software>

	<!-- was supported="partial" with no note, assume for glitchy bottom bar (fixed) -->
	<software name="dandydgn">
		<description>Dandy Dungeon</description>
		<year>1985</year>
		<publisher>Antic</publisher>
		<part name="flop1" interface="floppy_5_25">
			<dataarea name="flop" size="92176">
				<rom name="dandy dungeon (1985)(antic software)(us)(side a).atr" size="92176" crc="da5f16f3" sha1="fa2e4622eae7db965ae53f21977ead1b0da5aded"/> <!-- Verified -->
			</dataarea>
		</part>
		<part name="flop2" interface="floppy_5_25">
			<dataarea name="flop" size="92176">
				<rom name="dandy dungeon (1985)(antic software)(us)(side b)(documentation).atr" size="92176" crc="a9906be8" sha1="c569bc924d6808217c244ebf7eca122c10be60e4"/> <!-- Verified -->
			</dataarea>
		</part>
	</software>

	<software name="enchantr">
		<description>Enchanter</description>
		<year>1985</year>
		<publisher>Infocom</publisher>
		<part name="flop1" interface="floppy_5_25">
			<dataarea name="flop" size="92176">
				<rom name="enchanter rel 16 (1983)(infocom)(us)(side a).atr" size="92176" crc="835bb352" sha1="e1d1e3faf0a44612de187701dd4dee568879d966"/> <!-- Verified -->
			</dataarea>
		</part>
		<part name="flop2" interface="floppy_5_25">
			<dataarea name="flop" size="92176">
				<rom name="enchanter rel 16 (1983)(infocom)(us)(side b).atr" size="92176" crc="6bcf1f25" sha1="82ed9f84b24ea45fa947f655ea9bfdd22ec135c3"/> <!-- Verified -->
			</dataarea>
		</part>
	</software>

	<software name="essex">
		<!-- Prints a "8-28-85" date if you fail copy protection check, release date? -->
		<description>Essex</description>
		<year>1985</year>
		<publisher>Synapse Software</publisher>
		<info name="usage" value="Sports manual copy protection"/>
		<part name="flop1" interface="floppy_5_25">
			<dataarea name="flop" size="92176">
				<rom name="essex (1985)(synapse software)(us)(disk 1 of 2 side a)(disk 1, side 1).atr" size="92176" crc="551e10de" sha1="9bd38275b73a9f5b814dc7375ee7139693bc179b"/> <!-- Verified -->
			</dataarea>
		</part>
		<part name="flop2" interface="floppy_5_25">
			<dataarea name="flop" size="92176">
				<rom name="essex (1985)(synapse software)(us)(disk 1 of 2 side b)(disk 1, side 2).atr" size="92176" crc="61416032" sha1="fca4ceee1fde5f140f10a836f2958cd629dbaed8"/> <!-- Verified -->
			</dataarea>
		</part>
		<part name="flop3" interface="floppy_5_25">
			<dataarea name="flop" size="92176">
				<rom name="essex (1985)(synapse software)(us)(disk 2 of 2 side a)(disk 2, side 1).atr" size="92176" crc="68e9cfc6" sha1="90e6bd592d99d7d10e2d0c8ee896424cba6b8bdc"/> <!-- Verified -->
			</dataarea>
		</part>
		<part name="flop4" interface="floppy_5_25">
			<dataarea name="flop" size="92176">
				<rom name="essex (1985)(synapse software)(us)(disk 2 of 2 side b)(disk 2, side 2).atr" size="92176" crc="70b697d2" sha1="a26e4765740e9e4986cd55b3209de4bd77503d90"/> <!-- Verified -->
			</dataarea>
		</part>
	</software>

	<software name="fforest">
		<description>Forbidden Forest</description>
		<year>1983</year>
		<publisher>Cosmi</publisher>
		<part name="flop1" interface="floppy_5_25">
			<dataarea name="flop" size="92176">
				<rom name="forbidden forest (1983)(cosmi)(us).atr" size="92176" crc="3faaa34c" sha1="3e122297fe9f891785e59eb9b607403aae21719f"/> <!-- Verified -->
			</dataarea>
		</part>
	</software>

	<software name="galahad">
		<description>Galahad and the Holy Grail</description>
		<year>1982</year>
		<publisher>Atari Program Exchange</publisher>
		<!-- TODO: verify collision detection -->
		<part name="flop1" interface="floppy_5_25">
			<dataarea name="flop" size="92176">
				<rom name="galahad and the holy grail (1982)(apx)(us).atr" size="92176" crc="d575a0bb" sha1="9f03ddbd745919e93113daed1117a59751f22ae5"/> <!-- Verified -->
			</dataarea>
		</part>
	</software>

	<software name="kangaroo">
		<description>Kangaroo</description>
		<year>1982</year>
		<publisher>Atari Program Exchange</publisher>
		<part name="flop1" interface="floppy_5_25">
			<dataarea name="flop" size="92176">
				<rom name="kangaroo v1.0 (1982)(apx)(us).atr" size="92176" crc="2ca28d46" sha1="6df7378e51465bca6f7c64bbd7d736354d24680e"/> <!-- Verified -->
			</dataarea>
		</part>
	</software>

	<software name="swatpant">
		<description>L.A. SWAT + Panther</description>
		<year>1988</year>
		<publisher>Mastertronic</publisher>
		<notes><![CDATA[
Ghost player sprite appears for a brief second at center of screen
Doesn't mask bottom part, with enemy sprite repeated (and moving) [GTIA] GRACTL
]]></notes>
		<part name="flop1" interface="floppy_5_25">
			<dataarea name="flop" size="92176">
				<rom name="l.a. swat + panther (1988)(mastertronic)(us).atr" size="92176" crc="6c4752f6" sha1="df6a82e8946d7100620c3947d9e7e106f513fa26"/> <!-- Verified -->
			</dataarea>
		</part>
	</software>

	<software name="moonmist">
		<description>Moonmist</description>
		<year>1986</year>
		<publisher>Infocom</publisher>
		<part name="flop1" interface="floppy_5_25">
			<dataarea name="flop" size="92176">
				<rom name="moonmist rel 4 (1986-09-18)(infocom)(us)(side a).atr" size="92176" crc="64d2f0a5" sha1="037d34f53e7b74c86cf86ba3cbcf8971dc374190"/> <!-- Verified -->
			</dataarea>
		</part>
		<part name="flop2" interface="floppy_5_25">
			<dataarea name="flop" size="92176">
				<rom name="moonmist rel 4 (1986-09-18)(infocom)(us)(side b).atr" size="92176" crc="b08d5f2e" sha1="e2ca92e25bc0a472f54ecb3be42f87e60848e0f1"/> <!-- Verified -->
			</dataarea>
		</part>
	</software>

	<software name="phantas" supported="no">
		<description>Phantasie</description>
		<year>1987</year>
		<publisher>SSI</publisher>
		<notes><![CDATA[
Throws a "drive not ready" when exiting town, pressing any key just black screen
]]></notes>
		<part name="flop1" interface="floppy_5_25">
			<dataarea name="flop" size="92176">
				<rom name="phantasie v1.0 (1987)(ssi)(us)(disk 1 of 2 side a)(disk 1).atr" size="92176" crc="4f6d019f" sha1="d1ddaaac1ec56b6080cf3f28e43a6d021e6089c2"/> <!-- Verified -->
			</dataarea>
		</part>
		<part name="flop2" interface="floppy_5_25">
			<dataarea name="flop" size="92176">
				<rom name="phantasie v1.0 (1987)(ssi)(us)(disk 1 of 2 side b)(disk 2).atr" size="92176" crc="d49b5aa8" sha1="fe5adccc9876e1b9568009fb5850f58449199385"/> <!-- Verified -->
			</dataarea>
		</part>
		<!-- baddump: non-factory save -->
		<part name="flop3" interface="floppy_5_25">
			<dataarea name="flop" size="92176">
				<rom name="phantasie v1.0 (1987)(ssi)(us)(disk 2 of 2 side a)(disk 3)[m].atr" size="92176" crc="2be4ac66" sha1="c31cae2144e7eed0695d9453f6407994dc1a6d6a" status="baddump" />
			</dataarea>
		</part>
		<part name="flop4" interface="floppy_5_25">
			<dataarea name="flop" size="92176">
				<rom name="phantasie v1.0 (1987)(ssi)(us)(disk 2 of 2 side b)(disk 4).atr" size="92176" crc="a7cbc846" sha1="c82837ee05eea44cd407927dc4b9f7de80633c61"/> <!-- also has user save data on disk? -->
			</dataarea>
		</part>
	</software>

	<software name="phobos">
		<description>Phobos (v1.1)</description>
		<!-- MCMLXXXII on title screen -->
		<year>1983</year>
		<publisher>Atari Program Exchange</publisher>
		<part name="flop1" interface="floppy_5_25">
			<dataarea name="flop" size="92176">
				<rom name="phobos v1.1 (1983-03-03)(apx)(us).atr" size="92176" crc="d104a7c3" sha1="401464d1ddf55bc29626c39275fddf335be9508d"/> <!-- Verified -->
			</dataarea>
		</part>
	</software>

	<software name="planetfa">
		<description>Planetfall</description>
		<year>1983</year>
		<publisher>Infocom</publisher>
		<part name="flop1" interface="floppy_5_25">
			<dataarea name="flop" size="92176">
				<rom name="planetfall rel 20 (1983)(infocom)(us)(side a).atr" size="92176" crc="72322fd8" sha1="e5fc69a474c11468e3c2422fc0ce75a4366b3943"/> <!-- Verified -->
			</dataarea>
		</part>
		<part name="flop2" interface="floppy_5_25">
			<dataarea name="flop" size="92176">
				<rom name="planetfall rel 20 (1983)(infocom)(us)(side b).atr" size="92176" crc="8d7c4c39" sha1="8f5a2619743b1144af8a1db0df878e6f69603802"/> <!-- Verified -->
			</dataarea>
		</part>
	</software>

	<software name="pogoman">
		<description>Pogoman</description>
		<year>1982</year>
		<publisher>Computer Magic</publisher>
		<part name="flop1" interface="floppy_5_25">
			<dataarea name="flop" size="92176">
				<rom name="pogoman (1982)(computer magic)(us).atr" size="92176" crc="6d1cc0dc" sha1="872f39d0ede185b4eff5391a50055ca3d1d53fed"/> <!-- Verified -->
			</dataarea>
		</part>
	</software>

	<software name="ponderin">
		<description>Pondering About Max's</description>
		<year>1989</year>
		<publisher>Change in Heat</publisher>
		<sharedfeat name="compatibility" value="XL/XE"/>
		<part name="flop1" interface="floppy_5_25">
			<dataarea name="flop" size="92176">
				<rom name="pondering about max's (1989)(us)(side a)(the dream + p.a.m.)[req 64k].atr" size="92176" crc="9ccb4ff4" sha1="853bfa63575fa24fae6092298a385065612510b1"/> <!-- Verified -->
			</dataarea>
		</part>
		<part name="flop2" interface="floppy_5_25">
			<dataarea name="flop" size="92176">
				<rom name="pondering about max's (1989)(us)(side b)(barroom brawl + finis (demo))[req 64k].atr" size="92176" crc="503e8600" sha1="6d6ce66199bb607493933d3c175efd7c3136ac93"/> <!-- Verified -->
			</dataarea>
		</part>
	</software>

	<software name="saracen" supported="partial">
		<description>Saracen</description>
		<year>1987</year>
		<publisher>Datasoft</publisher>
		<notes><![CDATA[
a800xl: doesn't boot
]]></notes>
		<part name="flop1" interface="floppy_5_25">
			<dataarea name="flop" size="92176">
				<rom name="saracen (1987)(datasoft)(us)(side a).atr" size="92176" crc="512b4ab7" sha1="3b91a79a49c699ea458a85fe81612a55e494c1ec"/> <!-- Verified -->
			</dataarea>
		</part>
		<part name="flop2" interface="floppy_5_25">
			<dataarea name="flop" size="92176">
				<rom name="saracen (1987)(datasoft)(us)(side b).atr" size="92176" crc="40217012" sha1="13675d252b391f1e177bf7b5d97b4d813ac0cdbe"/> <!-- Verified -->
			</dataarea>
		</part>
	</software>

	<software name="shatalli" supported="partial">
		<description>Chronicles of Osgorth: The Shattered Alliance</description>
		<year>1981</year>
		<publisher>SSI</publisher>
		<notes><![CDATA[
Unsupported [disk] saves
]]></notes>
		<sharedfeat name="requirement" value="a800:basicb"/>
		<part name="flop1" interface="floppy_5_25">
			<dataarea name="flop" size="92176">
				<rom name="chronicles of osgorth - the shattered alliance (1981)(ssi)(us)[basic].atr" size="92176" crc="3bed0e22" sha1="e8fd2abf5a8a3666d3872cb8853d9e9f9b6f8560"/> <!-- Verified -->
			</dataarea>
		</part>
	</software>

	<software name="softprna">
		<description>Softporn Adventure</description>
		<year>1981</year>
		<publisher>On-Line Systems</publisher>
		<sharedfeat name="requirement" value="a800:basicb"/>
		<part name="flop1" interface="floppy_5_25">
			<dataarea name="flop" size="92176">
				<rom name="softporn adventure (1981)(on-line systems)(us)[basic].atr" size="92176" crc="6a0c2d66" sha1="cf0dbfbb3405c9360a14131f3efae7003c4e748d"/> <!-- Verified -->
			</dataarea>
		</part>
	</software>

	<software name="spellbrk" supported="partial">
		<description>Spellbreaker</description>
		<year>1985</year>
		<publisher>Infocom</publisher>
		<notes><![CDATA[
a800xl: doesn't boot
]]></notes>
		<part name="flop1" interface="floppy_5_25">
			<dataarea name="flop" size="92176">
				<rom name="spellbreaker rel 63 (1985-09-16)(infocom)(us)(side a).atr" size="92176" crc="c8d46edd" sha1="5f7aef1cff9ba58f4a2178c967e2c9b49fce9e34"/> <!-- Verified -->
			</dataarea>
		</part>
		<part name="flop2" interface="floppy_5_25">
			<dataarea name="flop" size="92176">
				<rom name="spellbreaker rel 63 (1985-09-16)(infocom)(us)(side b).atr" size="92176" crc="27595ca6" sha1="ca66381b5b28da9838b3416985c06b3530efbe34"/> <!-- Verified -->
			</dataarea>
		</part>
	</software>

	<software name="spitfr40" supported="no">
		<description>Spitfire 40</description>
		<year>1986</year>
		<publisher>Avalon Hill</publisher>
		<notes><![CDATA[
Unresponsive joystick/keyboard inputs, pressing down on joystick just returns to main menu
]]></notes>
		<part name="flop1" interface="floppy_5_25">
			<dataarea name="flop" size="92176">
				<rom name="spitfire 40 (1986)(avalon hill)(us).atr" size="92176" crc="875a404f" sha1="49e6c560d38137944c1cd9bc6c5f37a012045a84"/> <!-- Verified -->
			</dataarea>
		</part>
	</software>

	<software name="t34" supported="partial">
		<description>T-34: The Battle</description>
		<year>1994</year>
		<publisher>A.N.G. Software</publisher>
		<notes><![CDATA[
a800xl: cannot setup RAM higher than 64KB
a130xe: scrolling is jerky when shooting in gameplay
]]></notes>
		<info name="usage" value="Requires 128KB of RAM"/>
		<sharedfeat name="compatibility" value="XL/XE"/>
		<!-- dual sided single floppy according to game -->
		<part name="flop1" interface="floppy_5_25">
			<dataarea name="flop" size="133136">
				<rom name="t-34 - the battle (1994)(a.n.g. software)(nl)(fw)(side a).atr" size="133136" crc="4c276dc4" sha1="7720e199b7061852668979feb1a67aa042eac76c"/>  <!-- Verified -->
			</dataarea>
		</part>
		<part name="flop2" interface="floppy_5_25">
			<dataarea name="flop" size="133136">
				<rom name="t-34 - the battle (1994)(a.n.g. software)(nl)(fw)(side b).atr" size="133136" crc="01e1127c" sha1="1477761c8208432f72a013855b85c415f34d2f9d"/>  <!-- Verified -->
			</dataarea>
		</part>
	</software>

	<!-- Atari Translator allows disks that only work on earlier 400/800 systems to load on later XL/XE machines -->
	<software name="transltr" supported="no">
		<description>Atari Translator (USA)</description>
		<year>1983</year>
		<publisher>Atari</publisher>
		 <!-- runs but needs testing -->
		 <notes><![CDATA[
Detects a cartridge present even if it's not
Tested with marsmis2, fails
]]></notes>
		<sharedfeat name="compatibility" value="XL/XE"/>
		<part name="flop1" interface="floppy_5_25">
			<dataarea name="flop" size="92176">
				<rom name="atari translator (1983)(atari)(us)(side a)[req 64k].atr" size="92176" crc="003cb47c" sha1="ad74be8f96742892c4c33373ca96372b58d88a68"/>  <!-- Verified -->
			</dataarea>
		</part>
		<part name="flop2" interface="floppy_5_25">
			<dataarea name="flop" size="92176">
				<rom name="atari translator (1983)(atari)(us)(side b)[req 64k].atr" size="92176" crc="861ac5d7" sha1="70ec2f2cb8cfb83dd528a9eabcf028a3b154e8cd"/>  <!-- Verified -->
			</dataarea>
		</part>
	</software>

	<software name="turbican" supported="partial">
		<description>Turbican</description>
		<year>1993</year>
		<publisher>ASF s.c.</publisher>
		<notes><![CDATA[
1st demo mode screen draws offset background colors [GTIA]
]]></notes>
		<info name="usage" value="Works best on a800xlp. Hold OPTION key during boot to disable BASIC otherwise game freezes when starting a game"/>
		<sharedfeat name="compatibility" value="XL/XE"/>
		<part name="flop1" interface="floppy_5_25">
			<dataarea name="flop" size="133136">
				<rom name="turbican (1993)(asf s.c.)(pal)(pl).atr" size="133136" crc="e259549c" sha1="f3a817648a4825ef167b601445d1ad3d00b9d1bc"/>  <!-- Verified -->
			</dataarea>
		</part>
	</software>

	<!-- v.1.0 also known to exist (in .xex format) -->
	<software name="yoomp" supported="partial">
		<description>Yoomp! (v.1.1)</description>
		<year>2007</year>
		<publisher>&lt;homebrew&gt;</publisher>
		<notes><![CDATA[
Draws few garbage text chars when trying to enter a password in main menu
Prints "STEREO NOT DETECTED" on main menu, refers to unofficial [POKEY] extra chip add to $d280-$d2ff range
]]></notes>
		<info name="usage" value="Hold OPTION key during boot to disable BASIC" />
		<sharedfeat name="compatibility" value="XL/XE"/>
		<part name="flop1" interface="floppy_5_25">
			<dataarea name="flop" size="92176">
				<rom name="yoomp (2007)(self-published)(pl)[req 64k].atr" size="92176" crc="5d993a16" sha1="703b6eb652d7e6f8c08c70fb56115d4f516280d8"/>  <!-- Verified -->
			</dataarea>
		</part>
	</software>

	<software name="zybex" supported="partial">
		<description>Zybex (Netherlands)</description>
		<year>1994</year>
		<publisher>A.N.G. Software</publisher>
		<notes><![CDATA[
Garbage row strip at bottom of screen
]]></notes>
		<info name="usage" value="Hold OPTION key during boot to disable BASIC" />
		<sharedfeat name="compatibility" value="XL/XE"/>
		<part name="flop1" interface="floppy_5_25">
			<dataarea name="flop" size="92176">
				<rom name="zybex (1994)(a.n.g. software)(nl)[req 64k].atr" size="92176" crc="f3774dfc" sha1="17740e3bc981d5eee8c52840db830c8e41de5175"/>  <!-- Verified -->
			</dataarea>
		</part>
	</software>

	<software name="mbasic2x">
		<description>Microsoft BASIC II Programming Language (extensions)</description>
		<year>1982</year>
		<publisher>Atari</publisher>
		<sharedfeat name="requirement" value="a800:msbasic2"/>
		<part name="flop1" interface="floppy_5_25">
		<!-- Adds 10 more BASIC commands that could not fit on the cartridge. -->
			<dataarea name="flop" size="92176">
				<rom name="microsoft basic ii extension disk.atr" size="92176" crc="9d6c44ea" sha1="8f305bf916fc6df9cf469a413686de8933ac36e8"/>
			</dataarea>
		</part>
	</software>

	<software name="basxe41x">
		<description>Basic XE Programming Language v4.1 (extensions)</description>
		<year>1986</year>
		<publisher>OSS</publisher>
		<sharedfeat name="compatibility" value="XL/XE"/>
		<sharedfeat name="requirement" value="a800:basxe41"/>
		<part name="flop1" interface="floppy_5_25">
			<!-- Adds BASIC commands for Player/Missile graphics control. -->
			<dataarea name="flop" size="92176">
				<rom name="basic xe v4.1 extension disk.atr" size="92176" crc="e1c6d065" sha1="8749107e28cfa7add26a5628562c708fa62e0ce0"/>
			</dataarea>
		</part>
	</software>

	<software name="specdemo" supported="no">
		<description>Spectraview II Demo Disk</description>
		<!-- Disk contains Sparta DOS and won't boot in MAME, works on other emulators -->
		<year>198?</year>
		<publisher>Display Systems International</publisher>
		<notes><![CDATA[
"Error: No DOS"
Trying to DIR in SDX returns error 144 bad sector, trying to CAR will black screen as per a800:spectra2
]]></notes>
		<sharedfeat name="requirement" value="a800:spectra2"/>
		<part name="flop1" interface="floppy_5_25">
			<dataarea name="flop" size="183952">
				<rom name="spectraview-ii demo disk.atr" size="183952" crc="50b3fb52" sha1="d3bc5b6bb03ad648b79ebb536dba4af4af078bdc"/>
			</dataarea>
		</part>
	</software>

	<software name="litedosse">
		<description>Atari LiteDOS-SE</description>
		<year>2022</year>
		<publisher>&lt;homebrew&gt;</publisher>
		<info name="developer" value="Mr.Atari"/>
		<!-- http://www.mr-atari.com/Mr.Atari/LiteDOS/ -->
		<!-- TODO: runs but needs testing, particularly with .xex format -->
		<part name="flop1" interface="floppy_5_25">
			<dataarea name="flop" size="92176">
				<rom name="LiteDOS-SE (build 2022-01-14).atr" size="92176" crc="779dbfae" sha1="5cbbe75cf0489213d87e2c7cdaf2f8bfc802cf56"/>
			</dataarea>
		</part>
		<part name="flop2" interface="floppy_5_25">
			<dataarea name="flop" size="92176">
				<rom name="TBasic UBasic (No DOS).atr" size="92176" crc="22213f8f" sha1="994787ec0b3f487aca22d943fb82d60138d6e68f"/>
			</dataarea>
		</part>
	</software>

</softwarelist>
