<?xml version="1.0"?>
<!DOCTYPE softwarelist SYSTEM "softwarelist.dtd">
<!--
license:CC0-1.0

http://redump.org/discs/system/acd
-->
<softwarelist name="amiga_cd" description="Commodore AmigaCD images">

<!-- !Operating Systems -->

	<software name="redhat51" supported="no">
		<!-- "for Amiga 68k" -->
		<description>Red Hat Linux 5.1</description>
		<year>1998</year>
		<publisher>Red Hat</publisher>
		<notes><![CDATA[
Requires a machine with 68020 (not EC variants) + FPU + MMU (A3000 or A4000)
]]></notes>
		<part name="cdrom" interface="cdrom">
			<diskarea name="cdrom">
				<disk name="redhat_5_1_m68k" sha1="d61a967ca60fe1f85dd485ad6b535fa07b5cee8b"/>
			</diskarea>
		</part>
	</software>

<!-- !Games -->

	<software name="bigred" supported="no">
		<description>The Big Red Adventure (Europe)</description>
		<year>1997</year>
		<publisher>Power Computing</publisher>
		<notes><![CDATA[
Requires an AGA machine with enough installed Fast RAM on it
[Denise] pitch corruption during intro
Uses [Denise] BPLCON3 SPRESx
[Paula] volume gets incredibly loud during intro (verify)
Not extensively tested
]]></notes>
		<part name="cdrom" interface="cdrom">
			<diskarea name="cdrom">
				<disk name="big_red_adventure_(1997)(ludomedia-power_computing)[m4]" sha1="4883a7e4418321c649e4df9a66958b51697656fb"/>
			</diskarea>
		</part>
	</software>

	<software name="finlodys" supported="no">
		<!-- http://redump.org/disc/18527/ -->
		<!-- "Peter Spinaze's Final Odyssey" on introduction screen -->
		<description>Final Odyssey: Theseus Verses the Minotaur (Europe)</description>
		<year>1997</year>
		<publisher>Vulcan Software</publisher>
		<notes><![CDATA[
Requires an ECS or AGA machine with enough installed Fast RAM on it
]]></notes>
		<part name="cdrom" interface="cdrom">
			<diskarea name="cdrom">
				<disk name="final_odyssey_-_theseus_verses_the_minotaur_(europe)_(en,de,es,it,no,da,fi)" sha1="db1763b926a90175470871361e02047d0cc457f8"/>
			</diskarea>
		</part>
	</software>

	<software name="gunbee" supported="no">
		<!-- http://redump.org/disc/41238/ -->
		<description>Gunbee F-99: The Kidnapping of Lady Akiko (Europe)</description>
		<year>1998</year>
		<!-- APC &amp; TCP? -->
		<publisher>&lt;coverdisk&gt;</publisher>
		<notes><![CDATA[
https://amr.abime.net/issue_273_contents
[Paula] BGM ch. 0 and ch. 1 goes silent after first note, eventually leading to hang after intro (loops waiting for irqs)
[Denise] heavy delay offsets during intro, flips FMODE between $000c and $000d
]]></notes>
		<!-- December '98 -->
		<!-- TODO: comes packaged with a 2 CD edition -->
		<info name="magazine" value="Amiga Format 117 - AFCD33" />
		<info name="usage" value="CD drawer default position needs to scroll down" />

		<part name="cdrom" interface="cdrom">
			<diskarea name="cdrom">
				<disk name="gunbee_f-99_-_the_kidnapping_of_lady_akiko_(europe)_(en,de)" sha1="123d4efea6a0587e47c3cf61fc2e0909737939b1"/>
			</diskarea>
		</part>
	</software>

	<software name="kangfu" supported="no">
		<!-- "CD-32, A1200, A4000" on cover art -->
		<description>Kang Fu</description>
		<year>1996</year>
		<publisher>GREat Effects Development (GREED)</publisher>
		<notes><![CDATA[
Plenty of [AGA] bugs
Uses [Denise] BPLCON3 SPRESx
Has [CDROM] redbook tracks
cd32: unsupported [Akiko] close tray after CD32 BIOS plays back music, will otherwise throw "Out of Memory" afterwards.
]]></notes>
		<part name="cdrom" interface="cdrom">
			<diskarea name="cdrom">
				<disk name="kangfu_cd32" sha1="804503915194e87ac44ab4cc9f412444efbc2ee6" />
			</diskarea>
		</part>
	</software>

	<software name="pballdmg" supported="no">
		<!-- http://redump.org/disc/16919/ -->
		<description>Pinball Brain Damage (Europe)</description>
		<year>1997</year>
		<!-- Packaging Design: Epic Marketing -->
		<publisher>APC &amp; TCP</publisher>
		<notes><![CDATA[
Intro and main menu use [Denise] BPLCON3 SPRESx
Optional [Denise] SHRES mode in gameplay
Editor and HD Install untested
]]></notes>
		<!-- TODO: verify assign BrainDamage: "Brain Damage:" before install as Erratum note -->
		<info name="usage" value="CD drawer default position needs to scroll right" />
		<info name="developer" value="Mind's Eye Entertainment"/>
		<part name="cdrom" interface="cdrom">
			<diskarea name="cdrom">
				<disk name="pinball_brain_damage_(europe)" sha1="883518fb03b69ec1460b22cbb57a52845b9324cd"/>
			</diskarea>
		</part>
	</software>

<!-- !Collections -->

	<software name="17bitph4" supported="no">
		<!-- http://redump.org/disc/20852/ -->
		<description>17 Bit - Phase Four (Europe)</description>
		<year>1994</year>
		<publisher>Almathera</publisher>
		<notes><![CDATA[
Disks 2801-3351 of 17 Bit PD Library
Requires stable [FDC] write
]]></notes>
		<part name="cdrom" interface="cdrom">
			<diskarea name="cdrom">
				<disk name="17_bit_-_phase_four_(europe)" sha1="1673a4027e1a581996c14b5d062610fffb92856e"/>
			</diskarea>
		</part>
	</software>

	<software name="17bit5th" supported="no">
		<!-- http://redump.org/disc/20853/ -->
		<description>17 Bit - The Fifth Dimension (Europe)</description>
		<year>1995</year>
		<!-- No publisher on CD covers, assume Almathera went bankrupt at this point -->
		<publisher>17 Bit Software</publisher>
		<notes><![CDATA[
Disks 3352-3870 of 17 Bit PD Library
Requires stable [FDC] write
]]></notes>
		<part name="cdrom" interface="cdrom">
			<diskarea name="cdrom">
				<disk name="17_bit_-_the_fifth_dimension_(europe)" sha1="a294d8426310f7fe46be156050958c5322d6aad2"/>
			</diskarea>
		</part>
	</software>

	<software name="17bitlv6" supported="no">
		<!-- http://redump.org/disc/20854/ -->
		<description>17 Bit - Level 6 (Europe)</description>
		<!-- Year and publisher from info file -->
		<year>1997</year>
		<publisher>Epic Marketing / Quartz Public Domain</publisher>
		<notes><![CDATA[
Disks 3870-4567 of 17 Bit PD Library
Requires stable [FDC] write
]]></notes>
		<part name="cdrom" interface="cdrom">
			<diskarea name="cdrom">
				<disk name="17_bit_-_level_6_(europe)" sha1="cd0d8bfc52861fd98eefe991343c9969b2ffa513"/>
			</diskarea>
		</part>
	</software>

	<software name="amigames" supported="partial">
		<description>Aminet Games</description>
		<year>2000</year>
		<publisher>Schatztruhe</publisher>
		<notes><![CDATA[
https://wiki.aminet.net/Aminet_Games
Not extensively tested, some games known to use ECS or AGA features. (cfr. BrutalTenia)
]]></notes>
		<part name="cdrom" interface="cdrom">
			<diskarea name="cdrom">
				<disk name="aminet_games" sha1="2c95d94df50fbe9c4f11a90ca926cf880693e49b" />
			</diskarea>
		</part>
	</software>

	<software name="emuplus" supported="no">
		<!-- http://redump.org/disc/43683/ -->
		<description>Emulators Unlimited Plus (Germany)</description>
		<!-- Unknown release date, file datestamps all have unlikely '92 or '78 -->
		<!-- Has a tool for Psion Series 3/a (page 6 of Information complete list) so mid-to-late 90s possible -->
		<year>1995?</year>
		<!-- Epic Marketing? -->
		<publisher>&lt;unknown&gt;</publisher>
		<part name="cdrom" interface="cdrom">
			<diskarea name="cdrom">
				<disk name="emulators_unlimited_plus_(germany)_(en,de)" sha1="51ac9436545afdc39def039eeffea69d3f0e110c"/>
			</diskarea>
		</part>
	</software>

	<software name="10on10" supported="partial">
		<description>Ten on Ten Compilation (Europe)</description>
		<year>1995</year>
		<publisher>Almathera</publisher>
		<notes><![CDATA[
Disc 1 has various unsupported collection of Amiga ParNet and SerNet tools
cd32: disc 1 AmigaKicks\chess has GFX pitch corruption and uncontrollable pointer, [joytest] reset
cd32: disc 10 black screen
]]></notes>
		<info name="usage" value="CD32: In order to load any other disc in this collection, insert disc 1 then hold right mouse button at startup for being prompted to disc swap with any other CD in this collection, then soft reset machine"/>
		<part name="cdrom1" interface="cdrom">
			<!-- <category>Applications</category> -->
			<!-- http://redump.org/disc/18550/ -->
			<!-- <rom name="Almathera Comms &amp; Networking CD (Europe).cue" size="106" crc="803a023b" md5="3dd92c3d34ed3cda877dfa31ce492fa6" sha1="fea81c0d76b0f7c84798b9de72d9acc678226530"/> -->
			<!-- <rom name="Almathera Comms &amp; Networking CD (Europe).bin" size="248571120" crc="f9991efe" md5="cca00b0125a0f164b6bc73fb6339ee11" sha1="b4520eb166407bd00e54b9cbaf31212b3f54bc7a"/> -->
			<feature name="part_id" value="Almathera Comms &amp; Networking CD"/>
			<diskarea name="cdrom">
				<disk name="almathera comms &amp; networking cd (europe)" sha1="9996f33406c3c26b4e2be9d7f86d59156fdd48d0"/>
			</diskarea>
		</part>

		<part name="cdrom2" interface="cdrom">
			<!-- <category>Applications</category> -->
			<!-- http://redump.org/disc/18548/ -->
			<!-- <rom name="CDPD 1 (Europe).cue" size="81" crc="7e261a25" md5="961b2e9c6f18b5167fe713c0545ca9a2" sha1="f0e60c1c6f0b3a86494a7f46c676a36b363f9bcc"/> -->
			<!-- <rom name="CDPD 1 (Europe).bin" size="746776464" crc="30c57806" md5="43b45e0afd4a960359d0ed1ba9120ae7" sha1="4a743f0feba8e20040e3b1ff77c051e57f9222ff"/> -->
			<feature name="part_id" value="CDPD 1"/>
			<diskarea name="cdrom">
				<disk name="cdpd 1 (europe)" sha1="dcb79ff4d466778cc92d5ccd177f2c97ef7f1d02"/>
			</diskarea>
		</part>

		<part name="cdrom3" interface="cdrom">
			<!-- <category>Applications</category> -->
			<!-- http://redump.org/disc/18548/ -->
			<!-- <rom name="CDPD 2 (Europe).cue" size="81" crc="958c5298" md5="1f456742c84b59639360e5105b0a2205" sha1="9f8e7a02a6369833885d6bfdc75c9714378e1551"/> -->
			<!-- <rom name="CDPD 2 (Europe).bin" size="658442400" crc="a94c14cc" md5="73e3a9b78888aee9e9754793d797bfd1" sha1="57b63e986dd15ba49362e1ff02eabe4a754b412f"/> -->
			<feature name="part_id" value="CDPD 2"/>
			<diskarea name="cdrom">
				<disk name="cdpd 2 (europe)" sha1="9c3f2a0cb7933fd10694d80f75bb93fbab5c755e"/>
			</diskarea>
		</part>

		<part name="cdrom4" interface="cdrom">
			<!-- <category>Multimedia</category> -->
			<!-- http://redump.org/disc/18551/ -->
			<!-- <rom name="Demo 1 (Europe).cue" size="81" crc="0f256c23" md5="23d4594e745f3174e8b9b8ecfcac1f34" sha1="73317088554a3c8aa8b3ca5feaeb3ff63b062585"/> -->
			<!-- <rom name="Demo 1 (Europe).bin" size="708610560" crc="9ee5043f" md5="30d0e664799138e2c8d641b48d4192c0" sha1="42966b2d2f0ffd5540ec795861eb8b15f7076899"/> -->
			<feature name="part_id" value="Demo 1"/>
			<diskarea name="cdrom">
				<disk name="demo 1 (europe)" sha1="ef7c7c992fd7bc7fea080ec43357314999e6785b"/>
			</diskarea>
		</part>

		<part name="cdrom5" interface="cdrom">
			<!-- <category>Multimedia</category> -->
			<!-- http://redump.org/disc/18523/ -->
			<!-- <rom name="World Vista (Europe).cue" size="86" crc="74387a47" md5="2194ac62bf9b48f0608aac799428e47e" sha1="705c4eb8cdfadc98b66a924c0aadc15046b77875"/> -->
			<!-- <rom name="World Vista (Europe).bin" size="502789392" crc="b2113b15" md5="8ec646ed17c575139d644efcf1566fbd" sha1="5b71c5976c388dd7a6e870ca36840c7accd50701"/> -->
			<feature name="part_id" value="World Vista"/>
			<diskarea name="cdrom">
				<disk name="world vista (europe)" sha1="7b73c1ac1a25cc7b10b2a91b118dde3684128482"/>
			</diskarea>
		</part>

		<part name="cdrom6" interface="cdrom">
			<!-- <category>Educational</category> -->
			<!-- http://redump.org/disc/18522/ -->
			<!-- <rom name="Illustrated Works of Shakespeare (Europe).cue" size="107" crc="abb7e3a0" md5="0f3e783ca41909d10a74c9d45191f3d3" sha1="b2438bd35b8e60b2ebd2d3ef501e6b1d28eab6ef"/> -->
			<!-- <rom name="Illustrated Works of Shakespeare (Europe).bin" size="53214000" crc="29c9634c" md5="a6984256d64d0daad5423575a805b41e" sha1="bab8b78ce7c95da36b650394cfbc285af7726da0"/> -->
			<feature name="part_id" value="Illustrated Works of Shakespeare"/>
			<diskarea name="cdrom">
				<disk name="illustrated works of shakespeare (europe)" sha1="5e54c12eda0c560b48f96df7dfba53990a6cdeea"/>
			</diskarea>
		</part>

		<part name="cdrom7" interface="cdrom">
			<!-- <category>Multimedia</category> -->
			<!-- http://redump.org/disc/18521/ -->
			<!-- <rom name="Pandora's CD (Europe) (Alt).cue" size="93" crc="6685c80c" md5="8147396f05b2b7b17b55821d9678c982" sha1="620f0c1437e2ea13adf14baf3895fc55b5c988e5"/> -->
			<!-- <rom name="Pandora's CD (Europe) (Alt).bin" size="458738784" crc="ddb7e392" md5="e7740666bced9f7a96da85ad9b4d113f" sha1="adac7c881f641bfc4667fcf8e7469886906548ea"/> -->
			<feature name="part_id" value="Pandora's CD"/>
			<diskarea name="cdrom">
				<disk name="pandora's cd (europe) (alt)" sha1="488241b997f026533444b05e60357be3b5d78f41"/>
			</diskarea>
		</part>

		<part name="cdrom8" interface="cdrom">
			<!-- <category>Games</category> -->
			<!-- http://redump.org/disc/18520/ -->
			<!-- <rom name="Team Yankee (Europe) (Ten on Ten).cue" size="99" crc="606f0162" md5="8c173ad5d43a8447e924ce5075a7471c" sha1="62e5d539082c8d4796a8057577e6e59906193298"/> -->
			<!-- <rom name="Team Yankee (Europe) (Ten on Ten).bin" size="7079520" crc="de95d6f2" md5="efc8a6b9face11df7a53ba32c74bbb2a" sha1="713bd1aaefe59e15af61771abffde3c89b5b9d2c"/> -->
			<feature name="part_id" value="Team Yankee"/>
			<diskarea name="cdrom">
				<disk name="team yankee (europe) (ten on ten)" sha1="70e8946f4b161ca3011c523cb007180196762d8c"/>
			</diskarea>
		</part>

		<part name="cdrom9" interface="cdrom">
			<!-- <category>Multimedia</category> -->
			<!-- http://redump.org/disc/18519/ -->
			<!-- <rom name="Almathera Photo Library CD, The (Europe).cue" size="106" crc="68b31c99" md5="ea8423140d0209f04755a2505bef109f" sha1="1941996df3ce012770172fbc7f6552bd34b9503e"/> -->
			<!-- <rom name="Almathera Photo Library CD, The (Europe).bin" size="636801648" crc="75ecfbe4" md5="c1957cc3701c16379261420285f11677" sha1="dc1f8e27a0831476d694548fe1021c73974523c6"/> -->
			<feature name="part_id" value="The Almathera Photo Library CD"/>
			<diskarea name="cdrom">
				<disk name="almathera photo library cd, the (europe)" sha1="abcba2861161369b3394344792d491c85f6cb24d"/>
			</diskarea>
		</part>

		<part name="cdrom10" interface="cdrom">
			<!-- <category>Multimedia</category> -->
			<!-- http://redump.org/disc/18518/ -->
			<!-- <rom name="Almathera Clipart &amp; Fonts CD, The (Europe).cue" size="108" crc="78acde0b" md5="0440ed5c13780246105b0ea4b76ed7ca" sha1="d644a15e06b84a308dfee8e543d214d2ebadc0ea"/> -->
			<!-- <rom name="Almathera Clipart &amp; Fonts CD, The (Europe).bin" size="230662992" crc="89ab1b59" md5="efcc9acae92fe1cf7975c41c38ad30a1" sha1="039ab9c11793fd66ac74e34fbc44d138babfb666"/> -->
			<feature name="part_id" value="The Almathera Clipart &amp; Fonts CD"/>
			<diskarea name="cdrom">
				<disk name="almathera clipart &amp; fonts cd, the (europe)" sha1="dba531dac0190bd355b8a7cd4128355c3b077641"/>
			</diskarea>
		</part>
	</software>

</softwarelist>
